step,eval-loss
100,0.48164558
200,0.42956084
300,0.36367083
400,0.34510466
500,0.3456022
600,0.3462792
700,0.34165487
800,0.34440243
900,0.34702283
1000,0.34620282
1100,0.3541602
1200,0.348453
1300,0.34690154
1400,0.34485796
1500,0.34968498
1600,0.34147063
1700,0.34477088
1800,0.34717008
1900,0.3481267
2000,0.3551958
2100,0.34761414
2200,0.34558696
2300,0.35410354
2400,0.34768668
2500,0.34276012
2600,0.34851736
2700,0.3424855
