step,eval-loss
100,0.5052724
200,0.49690914
300,0.4921611
400,0.48040333
500,0.46033734
600,0.43938476
700,0.42059994
800,0.39761236
900,nan
1000,nan
1100,nan
1200,nan
1300,nan
1400,nan
1500,nan
1600,nan
1700,nan
1800,nan
1900,nan
