step,eval-loss
100,0.018114742
200,0.0008684479
