step,eval-loss
100,0.50015473
200,0.49999896
300,0.50000006
400,0.5
500,0.5
600,0.5004136
700,0.5
800,0.5
900,0.5
1000,0.5
1100,0.5
1200,0.5
1300,0.5000004
