step,eval-loss
100,0.50109637
200,0.5004545
300,0.5001725
400,0.50000036
500,0.5000259
600,0.50018406
700,0.50000066
800,0.5001074
900,0.5001237
1000,0.5000019
1100,0.5000146
1200,0.5
1300,0.50000006
1400,0.5001331
1500,0.5000001
1600,0.4999999
1700,0.49999997
1800,0.5
1900,0.5000203
2000,0.50000626
2100,0.5004718
2200,0.5005234
2300,0.5
2400,0.50000876
2500,0.5
2600,0.5
2700,0.5001636
