step,eval-loss
100,0.21075502
200,0.13707845
300,0.1210737
400,0.12384826
500,0.12621126
600,0.117225096
700,0.120351136
800,0.1132735
900,0.11550413
1000,0.11958785
1100,0.122820236
1200,0.1158636
1300,0.124078155
1400,0.12365685
1500,0.12737715
1600,0.11599903
1700,0.12039615
1800,0.11376476
1900,0.11903926
