step,eval-loss
100,0.25161347
200,0.04802582
300,0.02020235
400,0.0043705693
500,2.141223e-06
