step,eval-loss
100,0.48276225
200,0.41993746
300,0.2566735
400,0.23868021
500,0.2369092
600,0.2351671
700,0.23384397
800,0.23385605
900,0.23318157
1000,0.2329392
1100,0.23267558
1200,0.2328637
1300,0.23311403
1400,0.23314922
1500,0.23269308
1600,0.23293857
1700,0.2322241
1800,0.23230967
1900,0.23256083
2000,0.23282619
2100,0.2324737
2200,0.23284853
2300,0.23291712
2400,0.23310176
2500,0.23281279
2600,0.23266967
2700,0.2325203
2800,0.23237374
