step,eval-loss
100,0.10045202
200,0.014368598
300,0.0022836993
400,0.00050291454
