step,eval-loss
100,0.42858112
200,0.35094863
300,0.30099705
400,0.27825743
500,0.26833996
600,0.26014876
700,0.25789183
800,0.25206453
900,0.25172743
1000,0.25342909
1100,0.25448483
1200,0.25047746
1300,0.2492227
1400,0.24773516
1500,0.24016166
1600,0.2404993
1700,0.24042162
1800,0.2407802
1900,0.24232793
2000,0.24099481
2100,0.24176663
2200,0.24028087
2300,0.24083495
2400,0.24109219
2500,0.24052945
2600,0.2404083
