step,eval-loss
100,0.48172513
200,0.42991203
300,0.34164023
400,0.3203331
500,0.32079333
600,0.32029396
700,0.3159554
800,0.31766936
900,0.31910878
1000,0.31461263
1100,0.3212974
1200,0.32218987
1300,0.3219721
1400,0.3246528
1500,0.31864274
1600,0.32020587
1700,0.31978878
1800,0.3175577
1900,0.31881276
2000,0.31879568
2100,0.3219599
