step,eval-loss
100,0.12669203
200,0.10392557
300,0.1108704
400,0.11468895
500,0.114764705
600,0.118279204
700,0.11874006
800,0.111843385
900,0.11698105
1000,0.10980042
1100,0.11349642
1200,0.10457412
1300,0.113640115
