step,eval-loss
100,0.27108654
200,0.12936895
300,0.060829304
400,0.0408696
500,0.029957442
600,0.020029606
700,0.012677979
800,0.011284739
900,0.010993344
1000,0.010828012
1100,0.008710014
1200,0.00541258
1300,0.002962946
1400,0.00028355466
