step,eval-loss
100,0.29923216
200,0.1443882
300,0.06827223
400,0.03374319
500,0.014908957
600,0.0063165743
700,0.0034019637
800,0.0008823255
