step,eval-loss
100,0.476014
200,0.38509923
300,0.2185373
400,0.11905742
500,0.09752569
600,0.10611355
700,0.09850665
800,0.10657084
900,0.101917766
1000,0.09854951
1100,0.09555544
1200,0.09396859
1300,0.0978968
1400,0.09840286
1500,0.097851865
1600,0.09436371
1700,0.105367646
1800,0.099688366
1900,0.09423792
2000,0.0974531
2100,0.09397577
2200,0.09610958
2300,0.101406135
