step,eval-loss
100,0.3674148
200,0.21726969
300,0.13800946
400,0.09477186
500,0.07558622
600,0.057946343
700,0.04543187
800,0.023288107
900,0.014881572
1000,0.012291551
1100,0.0056734453
1200,0.0049579926
1300,0.0028105958
1400,0.0025314868
1500,0.0025261943
1600,0.0014600969
1700,0.00039507513
