step,eval-loss
100,0.4881618
200,0.43896082
300,0.35842445
400,0.3473927
500,0.34584633
600,0.34590298
700,0.34555036
800,0.34403527
900,0.3433017
1000,0.34393185
1100,0.342497
1200,0.34239352
1300,0.34195828
1400,0.3439998
1500,0.3435235
1600,0.34358168
1700,0.34196997
1800,0.34290877
1900,0.34278125
2000,0.342939
2100,0.34279907
2200,0.3421947
2300,0.3420948
2400,0.34256673
