step,eval-loss
100,0.39703295
200,0.34010038
300,0.33444503
400,0.3311085
500,0.32995695
600,0.3325818
700,0.33141455
800,0.3339194
900,0.33418807
1000,0.3304949
1100,0.33332568
1200,0.33085755
1300,0.33025426
1400,0.32802272
1500,0.32777712
1600,0.32821798
1700,0.3265786
1800,0.3274296
1900,0.33064434
2000,0.32950154
2100,0.32984346
2200,0.32847607
2300,0.33203253
2400,0.3307075
2500,0.3307993
2600,0.32979774
2700,0.33005854
2800,0.3291657
