step,eval-loss
100,0.050174277
200,0.0004292571
