step,eval-loss
100,0.09613348
200,0.020696253
300,0.0056825294
400,0.0026300426
500,0.00016707585
