step,eval-loss
100,0.17607279
200,0.031659734
300,0.0017862805
400,3.110368e-06
