step,eval-loss
100,0.50002897
200,0.50011414
300,0.5
400,0.49999946
500,0.5
600,0.5
700,0.5
800,0.5
900,0.50000036
1000,0.5
1100,0.5
1200,0.5
1300,0.5
1400,0.5
1500,0.5
