step,eval-loss
100,0.17655389
200,0.010971641
300,0.002201685
400,2.8997833e-06
