step,eval-loss
100,0.3615179
200,0.2162898
300,0.12238504
400,0.08007517
500,0.0506684
600,0.02823549
700,0.020461094
800,0.0137675945
900,0.0045290557
1000,0.0041425233
1100,0.0032323436
1200,0.004295556
1300,0.0037282165
1400,0.0018419694
1500,0.0002944933
