step,eval-loss
100,0.25270578
200,0.12212617
300,0.056260638
400,0.029695334
500,0.022622572
600,0.01585457
700,0.017292457
800,0.010707502
900,0.009445249
1000,0.0072377827
1100,0.010202411
1200,0.008327064
1300,0.009236404
1400,0.009731368
1500,0.0077971276
1600,0.00809428
1700,0.009412157
1800,0.006795145
1900,0.0040541706
2000,8.620099e-05
