step,eval-loss
100,0.5023266
200,0.49950188
300,0.49384776
400,0.48617035
500,nan
600,nan
700,nan
800,nan
900,nan
1000,nan
1100,nan
1200,nan
1300,nan
1400,nan
1500,nan
