step,eval-loss
100,0.50054926
200,0.49995273
300,0.5000537
400,0.49721667
500,0.4896616
600,0.4984499
700,0.4895878
800,0.49101067
900,0.49010852
1000,0.48977324
1100,0.5
1200,0.5
1300,0.4999999
1400,0.5
1500,0.5002097
1600,0.500002
1700,0.49991274
1800,0.4999488
