step,eval-loss
100,0.33512756
200,0.2241839
300,0.20082614
400,0.18303436
500,0.18409368
600,0.17140257
700,0.18114923
800,0.1725608
900,0.17088364
1000,0.18440583
1100,0.17178558
1200,0.18401195
1300,0.17107528
1400,0.17408827
1500,0.1861441
1600,0.18598881
1700,0.1835119
1800,0.18345696
1900,0.1777701
2000,0.1854735
