step,eval-loss
100,96.3775
200,97.59925
300,97.304665
400,96.835365
500,97.05779
600,95.63444
700,96.98826
800,96.53753
900,96.921364
1000,96.76385
1100,95.513405
1200,96.54268
1300,96.99389
1400,96.88209
1500,96.39301
1600,96.293785
1700,96.71103
1800,96.253555
1900,96.31535
2000,96.4772
2100,96.77001
2200,96.916
