step,eval-loss
100,0.4916979
200,0.45909724
300,0.40847337
400,0.40025803
500,0.39521834
600,0.3911077
700,0.39264652
800,0.3902984
900,0.38887617
1000,0.38987482
1100,0.38983107
1200,0.39090952
1300,0.3890279
1400,0.39000663
1500,0.38799134
1600,0.39053932
1700,0.39060774
1800,0.38844475
1900,0.38892317
2000,0.3892579
2100,0.3901153
2200,0.391256
2300,0.39109963
2400,0.38877565
2500,0.3888585
2600,0.39111158
