step,eval-loss
100,0.115715064
200,0.008394712
300,0.0007448767
