step,eval-loss
100,0.49642584
200,0.48556513
300,0.46151853
400,0.45509768
500,0.45554462
600,0.45338303
700,0.4525308
800,0.4522946
900,0.45202616
1000,0.45239535
1100,0.45324838
1200,0.45364755
1300,0.45244208
1400,0.4513458
1500,0.45317224
1600,0.4541782
1700,0.45386046
1800,0.45384455
1900,0.45304647
2000,0.4534324
2100,0.4539401
2200,0.45362267
2300,0.45489213
2400,0.4528648
2500,0.45173
