step,eval-loss
100,0.4781418
200,0.40988392
300,0.28306067
400,0.2313116
500,0.22600767
600,0.2253447
700,0.22366986
800,0.22353597
900,0.22611064
1000,0.22162515
1100,0.21497536
1200,0.22696477
1300,0.2261854
1400,0.21750882
1500,0.22483277
1600,0.21549977
1700,0.22869429
1800,0.2239212
1900,0.22075364
2000,0.220759
2100,0.22259812
2200,0.22294559
