step,eval-loss
100,0.07127336
200,0.0019078339
300,0.0004903538
