step,eval-loss
100,0.38213125
200,0.2515586
300,0.16976629
400,0.12725021
500,0.109091796
600,0.09375109
700,0.07740653
800,0.060894422
900,0.054687236
1000,0.046804994
1100,0.041730847
1200,0.030065758
1300,0.0248264
1400,0.015921984
1500,0.009393614
1600,0.0074300654
1700,0.0033037565
1800,0.0025872546
1900,0.0024324278
2000,0.0031852168
2100,0.0027491045
2200,0.002513659
2300,0.0023823215
2400,0.002148416
2500,0.00025377687
