step,eval-loss
100,0.4852684
200,0.38771173
300,0.3211015
400,0.26526293
500,0.22324674
600,0.19417574
700,0.17745984
800,0.1702557
900,0.15470552
1000,0.14736524
1100,0.14011721
1200,0.14600919
1300,0.14170973
1400,0.14196658
1500,0.13424513
1600,0.10792085
1700,0.13168496
1800,0.13280132
1900,0.13393657
2000,0.11904442
2100,0.116666354
2200,0.122985855
2300,0.113027774
2400,0.12265184
2500,0.1204893
2600,0.10942551
2700,0.11047389
