step,eval-loss
100,0.03226721
200,6.991194e-06
