step,eval-loss
100,0.48485774
200,0.4286103
300,0.29264313
400,0.2768255
500,0.27448583
600,0.27713668
700,0.27338174
800,0.27232486
900,0.27166757
1000,0.273445
1100,0.2736378
1200,0.2730826
1300,0.27196443
1400,0.27086362
1500,0.27217785
1600,0.2715345
1700,0.27299199
1800,0.27493778
1900,0.27246895
2000,0.2734713
2100,0.2735329
2200,0.27279642
2300,0.27195296
2400,0.2723683
2500,0.27244762
