step,eval-loss
100,0.5003463
200,0.50003755
300,0.5000678
400,0.50001067
500,0.50038385
600,0.500058
700,0.49999994
800,0.50000674
900,0.5
1000,0.50000095
1100,0.5
1200,0.50000715
1300,0.5
1400,0.5
1500,0.50003964
1600,0.50000006
1700,0.5
1800,0.5
