step,eval-loss
100,0.4976112
200,0.48997316
300,0.44615373
400,0.4102932
500,0.3419667
600,0.31573024
700,0.26492465
800,0.23675947
900,0.22237459
1000,0.20674558
1100,0.1993725
1200,0.18786162
1300,0.19247897
1400,0.16867894
1500,0.17866611
1600,0.16291687
1700,0.17603028
1800,0.16506226
1900,nan
2000,nan
2100,nan
2200,nan
2300,nan
2400,nan
2500,nan
2600,nan
2700,nan
