step,eval-loss
100,0.14324768
200,0.012930449
300,4.2710026e-06
