step,eval-loss
100,0.09794263
200,0.010206346
300,0.00012607654
