step,eval-loss
100,0.500413
200,0.5000084
300,0.5001882
400,0.5
500,0.5
600,0.50014794
700,0.50003725
800,0.5
900,0.5000839
1000,0.4999997
1100,0.5
1200,0.49999994
1300,0.5000003
1400,0.5
1500,0.5
1600,0.5
1700,0.5
1800,0.5
1900,0.5
2000,0.5
2100,0.5
