step,eval-loss
100,0.3418683
200,0.12556991
300,0.045425687
400,0.03133265
500,0.030632619
600,0.05282716
700,0.03579136
800,0.035716586
900,0.035715234
1000,0.035714194
1100,0.035647187
1200,0.03571137
1300,0.03125002
1400,0.031249588
1500,0.030331822
1600,0.065683804
1700,0.05909608
1800,0.09945671
1900,0.05814494
2000,0.053571776
2100,0.05357161
2200,0.05357139
2300,0.053570952
2400,0.05356886
2500,0.053364884
2600,0.053571522
