step,eval-loss
100,0.1489999
200,0.11988876
300,0.10827403
400,0.11520457
500,0.119826056
600,0.117697425
700,0.106719255
800,0.11167278
900,0.1082478
1000,0.11736868
1100,0.11432419
1200,0.13137004
1300,0.11928971
1400,0.10255685
1500,0.11978438
1600,0.11862318
1700,0.11305602
1800,0.11689596
1900,0.11766757
2000,0.11441666
2100,0.11846125
2200,0.11762464
2300,0.11069314
2400,0.11422243
2500,0.12291964
