step,eval-loss
100,0.4893937
200,0.44338033
300,0.37115443
400,0.3616512
500,0.3584014
600,0.3550911
700,0.35490695
800,0.35446587
900,0.3560888
1000,0.35482886
1100,0.35332042
1200,0.35130903
1300,0.35160616
1400,0.35582748
1500,0.35485977
1600,0.35337272
1700,0.35690847
1800,0.3572548
1900,0.35549143
2000,0.35463572
2100,0.35581714
2200,0.35488057
2300,0.35459897
