step,eval-loss
100,0.48994532
200,0.44888902
300,0.3768396
400,0.36789596
500,0.3669188
600,0.36336747
700,0.3631962
800,0.36693272
900,0.36735544
1000,0.36669195
1100,0.36608014
1200,0.36632583
1300,0.36451942
1400,0.3668221
1500,0.3675958
1600,0.36463848
1700,0.3654834
1800,0.3657597
