step,eval-loss
100,0.5000291
200,0.500004
300,0.50000066
400,0.5
500,0.50002044
600,0.50000054
700,0.5
800,0.50014657
900,0.50015324
1000,0.5
1100,0.5
1200,0.5
1300,0.5
1400,0.5
1500,0.50000036
