step,eval-loss
100,0.28952953
200,0.13575007
300,0.07161093
400,0.041346245
500,0.021400098
600,0.012333212
700,0.007403781
800,0.0059936843
900,0.00041269787
