step,eval-loss
100,0.0019613071
200,0.00027436396
