step,eval-loss
100,0.0293378
200,1.0831664e-05
