step,eval-loss
100,0.4894209
200,0.33324662
300,0.27991667
400,0.24033198
500,0.19032755
600,0.17977272
700,0.15560406
800,0.153777
900,0.14655128
1000,0.15265685
1100,0.1333119
1200,0.14299648
1300,0.14260325
1400,0.13421534
1500,0.12031291
1600,0.13938624
1700,0.13706437
1800,0.11735378
1900,0.14712639
2000,0.12422732
2100,0.12730522
2200,0.12606856
2300,0.1293203
2400,0.1297321
2500,0.14364684
2600,0.12446817
2700,0.13370337
2800,0.1334586
2900,0.13004512
