step,eval-loss
100,0.4785992
200,0.4034065
300,0.23816791
400,0.18035993
500,0.16735728
600,0.15021385
700,0.15098524
800,0.15921642
900,0.15993038
1000,0.15836048
1100,0.16669543
1200,0.17075455
1300,0.16400376
1400,0.16367735
1500,0.16665092
1600,0.17047419
1700,0.16147786
