step,eval-loss
100,0.13196953
200,0.005772899
300,0.0022543175
400,0.002246719
500,2.2824752e-06
