step,eval-loss
100,0.36105773
200,0.28200567
300,0.2677911
400,0.25923035
500,0.24992381
600,0.24885911
700,0.24767597
800,0.24000081
900,0.23142228
1000,0.23794664
1100,0.23100671
1200,0.23440918
1300,0.23701027
1400,0.24171658
1500,0.23333575
1600,0.23481792
1700,0.2430313
1800,0.23600778
1900,0.23784521
2000,0.23825622
2100,0.23683408
2200,0.23862115
