step,eval-loss
100,0.50288844
200,0.5004314
300,0.4994188
400,0.5000877
500,0.49993137
600,nan
700,nan
800,nan
900,nan
1000,nan
1100,nan
1200,nan
1300,nan
1400,nan
