step,eval-loss
100,0.08454353
200,5.463643e-06
