step,eval-loss
100,0.48166037
200,0.42009354
300,0.2092251
400,0.17597933
500,0.16830678
600,0.1729813
700,0.16919139
800,0.16420512
900,0.16683026
1000,0.16641206
1100,0.16567257
1200,0.16694663
1300,0.1666838
1400,0.16502695
1500,0.16686146
1600,0.16904983
1700,0.17099348
1800,0.16651776
1900,0.1715406
