step,eval-loss
100,0.44525677
200,0.38255256
300,0.2615188
400,0.05423217
500,0.01886208
600,0.0023052185
700,0.0013078795
800,0.0008887422
