step,eval-loss
100,0.50007594
200,0.5001824
300,0.50019866
400,0.5001975
500,0.5
600,0.5000335
700,0.50011176
800,0.5
900,0.50000024
1000,0.5000001
1100,0.5
1200,0.5
1300,0.5
1400,0.5000205
1500,0.50000006
1600,0.5002135
