step,eval-loss
100,0.37641892
200,0.31172356
300,0.28618768
400,0.2806905
500,0.27857575
600,0.27983078
700,0.27879322
800,0.28185862
900,0.27950865
1000,0.28030232
1100,0.27884194
1200,0.27796185
1300,0.27852687
1400,0.27775317
1500,0.276397
1600,0.2789656
1700,0.27946648
1800,0.27855667
1900,0.27823547
2000,0.27943224
2100,0.2772272
2200,0.2794497
2300,0.27901095
2400,0.27915716
2500,0.2770745
2600,0.27711597
