step,eval-loss
100,0.5015057
200,0.50003237
300,nan
400,nan
500,nan
600,nan
700,nan
800,nan
900,nan
1000,nan
1100,nan
1200,nan
1300,nan
