step,eval-loss
100,0.28314477
200,0.15381587
300,0.05359637
400,0.03547716
500,0.043195534
600,0.012317122
700,0.00048706
