step,eval-loss
100,0.21933183
200,0.045356948
300,0.013069555
400,0.0044175955
500,0.00050121377
