step,eval-loss
100,0.3351927
200,0.13280076
300,0.051103078
400,0.02986258
500,0.03790823
600,0.045519277
700,0.03783218
800,0.036009796
900,0.035720326
1000,0.03571503
1100,0.03583342
1200,0.03571573
1300,0.035715275
1400,0.035715096
1500,0.03571496
