step,eval-loss
100,0.0027538738
200,0.0004808468
