step,eval-loss
100,0.49427578
200,0.4750605
300,0.44272253
400,0.43224615
500,0.4273121
600,0.43079916
700,0.42821902
800,0.43167514
900,0.42889154
1000,0.42934278
1100,0.43032107
1200,0.4309474
1300,0.4281392
1400,0.42682564
1500,0.4274398
1600,0.42739743
1700,0.4261829
1800,0.42951816
1900,0.4277502
2000,0.4267884
2100,0.42851856
2200,0.42892072
2300,0.42914286
2400,0.4286966
2500,0.4291879
2600,0.42933473
2700,0.42975846
2800,0.42742783
