step,eval-loss
100,0.49230772
200,0.46280333
300,0.4150348
400,0.4064901
500,0.40333685
600,0.4007257
700,0.40178818
800,0.39979696
900,0.40028384
1000,0.40082562
1100,0.3995128
1200,0.40003192
1300,0.40032434
1400,0.3995364
1500,0.39707348
1600,0.39891073
1700,0.39736038
1800,0.39744377
1900,0.40014395
2000,0.39797512
2100,0.39958674
2200,0.40026242
2300,0.40123862
2400,0.40077412
2500,0.3983819
2600,0.40010646
