step,eval-loss
100,0.32495832
200,0.20772804
300,0.16627598
400,0.14534764
500,0.13286485
600,0.1257555
700,0.12290992
800,0.103924945
900,0.10809553
1000,0.1128792
1100,0.10591114
1200,0.1179914
1300,0.11148645
1400,0.112474404
1500,0.104238786
1600,0.104504794
1700,0.105462134
1800,0.10820013
1900,0.114242606
