step,eval-loss
100,0.11831002
200,0.096771464
300,0.1044294
400,0.11046871
500,0.10573957
600,0.104820594
700,0.11163443
800,0.11556772
900,0.111281596
1000,0.121658936
1100,0.106202304
1200,0.102663755
1300,0.1046991
