step,eval-loss
100,0.57884777
200,0.4749581
300,0.45572394
400,0.43162075
500,0.42618632
600,0.42373076
700,0.41803694
800,0.41704646
900,0.41534662
1000,0.42229396
1100,0.4108902
1200,0.41603345
1300,0.4124837
1400,0.4064726
1500,0.4078881
1600,0.40986508
1700,0.41089678
1800,0.40966663
1900,0.40848118
2000,0.41061458
2100,0.4090089
2200,0.40775377
2300,0.4097933
2400,0.40784645
2500,0.40904903
