step,eval-loss
100,0.4954336
200,0.47837272
300,0.44907498
400,0.44463825
500,0.44284254
600,0.44305974
700,0.44061196
800,0.44308588
900,0.44284806
1000,0.443908
1100,0.44170097
1200,0.44077924
1300,0.44269145
1400,0.444493
1500,0.4440047
1600,0.44325835
1700,0.44126165
1800,0.44114053
