step,eval-loss
100,0.009846474
200,0.0006333754
