step,eval-loss
100,0.393512
200,0.35943186
300,0.34420756
400,0.34693882
500,0.3450597
600,0.3470288
700,0.34909877
800,0.34746876
900,0.34274378
1000,0.34513757
1100,0.34782872
1200,0.34849343
1300,0.35141683
1400,0.3488586
1500,0.35865968
1600,0.35443556
1700,0.34947392
1800,0.34888312
1900,0.34882975
2000,0.3465575
