step,eval-loss
100,0.05462388
200,0.00096907595
