step,eval-loss
100,0.38041487
200,0.24430199
300,0.16615836
400,0.13499784
500,0.09737202
600,0.07249817
700,0.05851538
800,0.03401265
900,0.024952134
1000,0.012279352
1100,0.0064584296
1200,0.005081816
1300,0.0029576863
1400,0.001742615
1500,0.0003999316
