step,eval-loss
100,0.37267935
200,0.24221796
300,0.15435825
400,0.09675527
500,0.059686434
600,0.034112826
700,0.026698476
800,0.0150978705
900,0.013806173
1000,0.01903059
1100,0.014118656
1200,0.0099470895
1300,0.0050088493
1400,0.004782873
1500,0.007261853
1600,0.0056500263
1700,0.008086884
1800,0.005771077
1900,0.0061650365
2000,0.0054403082
2100,0.0046248534
2200,0.006069738
2300,0.006225702
2400,0.0056868345
2500,0.006003951
2600,0.00073194667
