step,eval-loss
100,0.49205503
200,0.5000021
300,0.50000167
400,0.5001847
500,0.5
600,0.50015527
700,0.5
800,0.50001174
900,0.5
1000,0.5
1100,0.5
1200,0.5
