step,eval-loss
100,0.41318256
200,0.37833595
300,0.36813363
400,0.36163977
500,0.3515709
600,0.34924868
700,0.34559566
800,0.34445345
900,0.3414886
1000,0.34269723
1100,0.34428903
1200,0.34359726
1300,0.34279355
1400,0.34543064
1500,0.3470755
1600,0.3439152
1700,0.34309217
1800,0.3454111
1900,0.34758317
2000,0.34644046
