step,eval-loss
100,0.46664265
200,0.4353769
300,0.42585504
400,0.42325246
500,0.4109183
600,0.41363826
700,0.41333437
800,0.41462016
900,0.41394505
1000,0.41433343
1100,0.41121846
1200,0.41346133
1300,0.415269
1400,0.41304642
1500,0.4147936
1600,0.4176931
