step,eval-loss
100,0.3324694
200,0.17229672
300,0.10020761
400,0.05810084
500,0.039189626
600,0.026897598
700,0.014140855
800,0.0058841286
900,0.0026999211
1000,0.0023490526
1100,0.00028606513
