step,eval-loss
100,0.14996107
200,0.011786493
300,0.0010284744
400,0.00047511008
