step,eval-loss
100,0.47309208
200,0.43123865
300,0.3619834
400,0.19975458
500,0.08392366
600,0.047209963
700,0.032493617
800,0.0016720353
900,0.0007962155
