step,eval-loss
100,0.33033958
200,0.10762649
300,0.03759476
400,0.020083206
500,0.01947106
600,0.040411796
700,0.040641293
800,0.034193456
900,0.03125397
1000,0.031250305
1100,0.03125164
1200,0.03125115
1300,0.031250905
1400,0.03125087
1500,0.031250753
1600,0.031250656
