step,eval-loss
100,0.5005187
200,0.5005965
300,0.50002533
400,0.50030965
500,0.5000278
600,0.5000005
700,0.5
800,0.5001527
900,0.5000011
1000,0.5000056
1100,0.50007707
1200,0.5002012
1300,0.5
1400,0.5000666
1500,0.5001586
1600,0.50009584
1700,0.50004387
1800,0.50003123
