step,eval-loss
100,0.49570858
200,0.48330235
300,0.4596165
400,0.4529532
500,0.4524068
600,0.4518152
700,0.45239395
800,0.45154056
900,0.45189786
1000,0.45109254
1100,0.45207405
1200,0.4513311
1300,0.45177445
1400,0.45050958
1500,0.45051062
1600,0.44936082
1700,0.4477914
1800,0.4499565
1900,0.45172876
2000,0.45010605
2100,0.4497246
2200,0.44942594
2300,0.44866496
2400,0.4496093
2500,0.4491957
2600,0.45031503
2700,0.44907168
2800,0.44838846
