step,eval-loss
100,0.50106657
200,0.5006839
300,0.49952325
400,0.49656695
500,0.49975243
600,0.49979687
700,0.50002474
800,0.49765325
900,0.49620086
1000,0.49610382
1100,0.50013983
1200,0.5
1300,0.5
1400,0.5
1500,0.5
1600,0.5
1700,0.5
1800,0.5001255
1900,0.5
2000,0.5
2100,0.5
