step,eval-loss
100,0.2198709
200,0.078770116
300,0.033010207
400,0.013814633
500,0.007090422
600,0.0005136402
