step,eval-loss
100,0.088368714
200,8.600196e-06
