step,eval-loss
100,0.28347147
200,0.2103042
300,0.18823086
400,0.18381445
500,0.18004672
600,0.1757362
700,0.17750596
800,0.17500691
900,0.17464313
1000,0.17575863
1100,0.17416932
1200,0.17394893
1300,0.17393385
1400,0.17320982
1500,0.17406647
1600,0.17648095
1700,0.17497246
1800,0.17468064
1900,0.17328493
2000,0.17492689
2100,0.17562337
2200,0.17584896
2300,0.17620462
2400,0.17653021
2500,0.17512594
