step,eval-loss
100,0.34492058
200,0.1954364
300,0.10280225
400,0.06752327
500,0.046049498
600,0.033078935
700,0.027824448
800,0.016666986
900,0.010000438
1000,0.008021905
1100,0.00490168
1200,0.0047363075
1300,0.004599035
1400,0.00052290567
