step,eval-loss
100,0.33811876
200,0.1835377
300,0.085385695
