step,eval-loss
100,0.0022082229
200,0.0006343253
