step,eval-loss
100,0.20237996
200,0.015461702
300,0.0034129117
400,2.8018367e-06
