step,eval-loss
100,0.49422646
200,0.47475657
300,0.43852004
400,0.4324671
500,0.42719978
600,0.42434737
700,0.42429894
800,0.42310792
900,0.42209342
1000,0.42091957
1100,0.42071426
1200,0.42020234
1300,0.41949964
1400,0.4213071
1500,0.42082444
1600,0.4229412
1700,0.42124316
1800,0.42048573
1900,0.4229192
2000,0.42276746
2100,0.424123
2200,0.4219175
2300,0.4241612
2400,0.42233348
