step,eval-loss
100,0.3056604
200,0.16389012
300,0.06298293
400,0.018103505
500,0.009794037
600,0.0008051388
