step,eval-loss
100,0.50187814
200,0.49930516
300,0.49345368
400,0.49265495
500,0.49298304
600,nan
700,nan
800,nan
900,nan
1000,nan
1100,nan
1200,nan
1300,nan
1400,nan
1500,nan
