step,eval-loss
100,0.4945682
200,0.4746401
300,0.44436815
400,0.43457517
500,0.43193042
600,0.432991
700,0.43477625
800,0.4344593
900,0.43533915
1000,0.43563858
1100,0.43599805
1200,0.43579063
1300,0.43512806
1400,0.4369645
1500,0.43382692
1600,0.43278843
