step,eval-loss
100,0.27957085
200,0.105255395
300,0.046316236
400,0.017961495
500,0.010928093
600,0.0068532215
700,0.006702184
800,0.0065965354
900,0.0062276875
1000,0.0037923253
1100,0.0033667928
1200,0.0032650623
1300,0.0011991549
1400,0.0002479692
