step,eval-loss
100,0.121345855
200,0.09726901
300,0.104382336
400,0.109277286
500,0.10591228
600,0.10435553
700,0.11160542
800,0.11484145
900,0.1125776
1000,0.121625006
1100,0.10591189
1200,0.10336099
1300,0.10479573
