step,eval-loss
100,0.63038075
200,0.51916546
300,0.47380987
400,0.41216278
500,0.40961704
600,0.35836285
700,0.33312577
800,0.32923508
900,0.32639843
1000,0.30599913
1100,0.2943951
1200,0.29896694
1300,0.30903938
1400,0.30168483
1500,0.29190183
1600,0.27404633
1700,0.2889687
1800,0.29686683
1900,0.2855389
2000,0.29726225
2100,0.30676645
2200,0.28618422
2300,0.2854128
2400,0.27888757
2500,0.29521674
2600,0.30379733
2700,0.29820055
