step,eval-loss
100,0.15664001
200,0.035610087
300,0.006465855
400,0.0029502306
500,0.0015375897
600,0.0010634966
700,0.0007664201
