step,eval-loss
100,0.50797886
200,0.4972601
300,0.49018908
400,0.48627943
500,0.48565498
600,0.48408526
700,0.48738083
800,0.4843955
900,0.4834299
1000,0.4837123
1100,0.48349684
1200,0.48525637
1300,0.48372468
1400,0.48336983
1500,0.48337802
1600,0.48401222
1700,0.48375273
1800,0.4832732
1900,0.483992
2000,0.48363858
2100,0.5002135
2200,0.49218756
2300,0.4922133
2400,0.49219236
2500,0.49219018
2600,0.49261418
2700,0.49232584
2800,0.49231577
2900,0.49263066
