step,eval-loss
100,0.3680888
200,0.24746358
300,0.17107914
400,0.12584364
500,0.09446799
600,0.08035209
700,0.07586547
800,0.064519905
900,0.05316894
1000,0.046234038
1100,0.027599184
1200,0.012584867
1300,0.0077096852
1400,0.0072691916
1500,0.007039474
1600,0.006809982
1700,0.004527358
1800,0.0025570726
1900,0.0024190706
2000,0.0023724874
2100,0.0023476426
2200,0.002348947
2300,0.002348593
2400,0.002333402
2500,0.0022689658
2600,0.0008748463
