step,eval-loss
100,0.280516
200,0.1433324
300,0.086563654
400,0.06096423
500,0.050288703
600,0.03780711
700,0.034459595
800,0.027882498
900,0.021141578
1000,0.01873628
1100,0.017333303
1200,0.013949471
1300,0.013766607
1400,0.0075409515
1500,0.0074322396
1600,0.0070830947
1700,0.007013942
1800,0.0053658676
1900,0.004819051
2000,0.0043448424
2100,0.0003661853
