step,eval-loss
100,0.008632103
200,7.218058e-05
