step,eval-loss
100,0.4639886
200,0.39036375
300,0.13518293
400,0.0067861453
500,0.0013672739
600,0.00082911656
