step,eval-loss
100,0.5002066
200,0.5
300,0.5
400,0.5
500,0.50000864
600,0.5
700,0.5
800,0.5
900,0.5
1000,0.5
1100,0.5
1200,0.5
1300,0.5
