step,eval-loss
100,0.26480684
200,0.19652456
300,0.16926655
400,0.15573972
500,0.14757791
600,0.14618798
700,0.14367564
800,0.14299037
900,0.14302512
1000,0.14206485
1100,0.14194374
1200,0.14206587
1300,0.14176776
1400,0.14193948
1500,0.14171192
1600,0.1421455
1700,0.1429668
1800,0.14344268
1900,0.14290285
2000,0.14244708
2100,0.1420652
2200,0.14229332
2300,0.14239533
2400,0.14259245
2500,0.14263919
2600,0.14309515
