step,eval-loss
100,0.28728077
200,0.10284692
300,0.027238384
400,0.022489479
500,0.015721008
600,0.041286733
700,0.07642917
800,0.045324333
900,0.044644274
1000,0.04464378
1100,0.04464355
1200,0.044643432
1300,0.044643335
1400,0.044643275
1500,0.04464323
1600,0.04464319
