step,eval-loss
100,0.4404948
200,0.41507328
300,0.40065134
400,0.39477575
500,0.39088118
600,0.3899008
700,0.39392096
800,0.38636976
900,0.39365828
1000,0.39248756
1100,0.39756632
1200,0.39389554
1300,0.39458597
1400,0.3934769
1500,0.39432645
1600,0.39512375
1700,0.3920542
1800,0.39202806
1900,0.38864702
