step,eval-loss
100,0.14098158
200,0.02068867
300,0.0033817892
400,0.001562245
500,0.0009702948
