step,eval-loss
100,0.4976707
200,0.49657625
300,0.49728265
400,0.4951879
500,0.49553972
600,0.49483517
700,0.49491903
800,0.49492174
900,0.49552128
1000,0.49492073
1100,0.49479207
1200,0.4947923
1300,0.49479192
1400,0.49484783
1500,0.49504253
1600,0.49530742
1700,0.49479207
1800,0.49525008
1900,0.4896644
2000,0.5
2100,0.50000006
2200,0.5
2300,0.49995822
2400,0.50000054
2500,0.5
2600,0.5
2700,0.4999999
2800,0.49999848
2900,0.49999866
3000,0.50000995
