step,eval-loss
100,0.24305795
200,0.08423242
300,0.029324453
400,0.007819556
500,0.003736225
600,0.000860921
