step,eval-loss
100,0.49393067
200,0.47612414
300,0.4437607
400,0.39858252
500,0.3415849
600,0.33013478
700,0.29438427
800,0.261731
900,0.25782445
1000,0.2433573
1100,0.22843197
1200,0.21801874
1300,0.20565093
1400,0.19722576
1500,0.20639238
1600,0.19739392
1700,0.18756928
1800,0.18320705
1900,nan
2000,nan
2100,nan
2200,nan
2300,nan
2400,nan
2500,nan
2600,nan
2700,nan
2800,nan
2900,nan
