step,eval-loss
100,0.13364264
200,0.043934785
300,0.02455668
400,0.012034864
500,0.004392273
600,0.00020874513
