step,eval-loss
100,0.25243095
200,0.10262143
300,0.050175834
400,0.030582694
500,0.014277808
600,0.010588297
700,0.0069301333
800,0.006815469
900,0.0035430072
1000,0.0035489881
1100,0.0033376806
1200,0.0034073498
1300,0.0032772727
1400,0.0033328477
1500,0.003260718
1600,0.0032392463
1700,0.003222839
1800,0.0032612078
1900,0.0033163521
2000,0.0013645946
2100,0.0003835707
