step,eval-loss
100,0.3869126
200,0.27124172
300,0.15988195
400,0.10418143
500,0.05710206
600,0.03422881
700,0.02139639
800,0.015607876
900,0.013011331
1000,0.009067373
1100,0.006648893
1200,0.004315988
1300,0.0027392865
1400,0.0030243197
1500,0.0027311344
1600,0.0016733318
1700,0.00040386003
