step,eval-loss
100,0.18448225
200,0.086733475
300,0.010247687
400,0.006609436
500,0.005454532
600,0.006153775
700,0.004862856
800,0.0059910836
900,0.0051964703
1000,0.0059568062
1100,0.005026254
1200,0.0062979334
1300,0.0052104164
1400,0.0050867195
1500,0.0053375973
1600,0.005680311
1700,0.005116564
1800,0.0060898424
