step,eval-loss
100,0.00191989
200,3.0190997e-05
