step,eval-loss
100,0.31535766
200,0.07612472
300,0.023525016
400,0.013428664
500,0.013346374
600,0.008929536
700,0.0088449465
800,0.008931174
900,0.008930713
1000,0.008930435
1100,0.008930165
1200,0.008929972
1300,0.008929828
1400,0.008929708
1500,0.008929607
1600,0.008929506
1700,0.008929438
1800,0.008929353
