step,eval-loss
100,0.42589584
200,0.38878146
300,0.38288602
400,0.37769592
500,0.37135765
600,0.37424093
700,0.37129527
800,0.36758807
900,0.36703953
1000,0.36825675
1100,0.3697386
1200,0.36917245
1300,0.36807773
1400,0.36752972
1500,0.36241898
1600,0.36101368
1700,0.36265004
1800,0.3629853
1900,0.36844173
2000,0.369418
2100,0.37096962
2200,0.36659926
2300,0.37084922
2400,0.37024632
2500,0.37084112
2600,0.3684793
2700,0.3711865
