step,eval-loss
100,0.4923106
200,0.4588598
300,0.4051584
400,0.4000392
500,0.39528358
600,0.39649898
700,0.3958681
800,0.39884546
900,0.39752913
1000,0.39556983
1100,0.39601913
1200,0.39616117
1300,0.39679304
1400,0.39883482
1500,0.39492297
1600,0.39572215
1700,0.39733228
1800,0.40012562
1900,0.3986513
2000,0.3993976
2100,0.39744732
2200,0.3956437
2300,0.39773548
2400,0.39745015
2500,0.39816546
2600,0.3980548
