step,eval-loss
100,0.12990472
200,0.009530856
300,0.0022376766
400,2.8754428e-06
