step,eval-loss
100,0.29423243
200,0.09326706
300,0.023503814
400,0.009966264
500,0.0011476682
600,0.0005252526
