step,eval-loss
100,0.21558814
200,0.062398124
300,0.012635534
400,0.0059569636
500,0.004935375
600,0.0002905197
