step,eval-loss
100,0.064333536
200,0.0046741413
300,6.1609703e-06
