step,eval-loss
100,0.4390303
200,0.40495235
300,0.40072152
400,0.4008067
500,0.3955512
600,0.39887443
700,0.39461592
800,0.39702973
900,0.39682376
1000,0.39859417
1100,0.3980865
1200,0.3984946
1300,0.4002395
1400,0.3977863
1500,0.39995864
1600,0.39932212
1700,0.39983913
1800,0.39653984
