step,eval-loss
100,0.10246375
200,0.0004225207
