step,eval-loss
100,0.25100896
200,0.044912126
300,0.003231718
400,4.5171923e-06
