step,eval-loss
100,0.28008896
200,0.08821114
300,0.032026034
400,0.0032450624
500,0.001317748
600,0.0009689765
