step,eval-loss
100,0.45231488
200,0.42030966
300,0.4209373
400,0.41201302
500,0.4079296
600,0.4121246
700,0.4101585
800,0.4103376
900,0.41065645
1000,0.4077281
1100,0.40595874
1200,0.40416777
1300,0.40225044
1400,0.39957842
1500,0.40346903
1600,0.40525714
1700,0.40270862
1800,0.40450373
1900,0.40542713
2000,0.40580624
2100,0.40327343
2200,0.40456757
2300,0.4039237
2400,0.40477556
2500,0.40267235
