step,eval-loss
100,0.43564633
200,0.36820832
300,0.33196568
400,0.30246162
500,0.29094025
600,0.29057384
700,0.2855324
800,0.2783142
900,0.2755722
1000,0.27708638
1100,0.27893543
1200,0.27901474
1300,0.27776664
1400,0.27684322
1500,0.27669162
1600,0.27754968
1700,0.27745968
1800,0.2794194
1900,0.28024474
2000,0.28056347
