step,eval-loss
100,0.5030781
200,0.49967498
300,0.49524775
400,0.48109484
500,0.47335243
600,0.45035812
700,0.4387967
800,0.42018542
900,nan
1000,nan
1100,nan
1200,nan
1300,nan
1400,nan
1500,nan
1600,nan
1700,nan
1800,nan
1900,nan
