step,eval-loss
100,0.07321894
200,0.00216499
300,4.0740424e-06
