step,eval-loss
100,0.3494253
200,0.30160317
300,0.29332054
400,0.28973052
500,0.2828646
600,0.2816977
700,0.28491238
800,0.28415084
900,0.27826005
1000,0.28389752
1100,0.28154096
1200,0.28417253
1300,0.2818924
1400,0.2793153
1500,0.2813106
1600,0.28165326
1700,0.2782293
1800,0.27991223
1900,0.27894452
2000,0.28145763
2100,0.2827581
2200,0.2826299
2300,0.28209767
2400,0.2840044
2500,0.28609172
2600,0.28689957
2700,0.28623205
2800,0.28395352
