step,eval-loss
100,0.09916521
200,0.010284638
300,0.0006010007
