step,eval-loss
100,0.49371365
200,0.46812677
300,0.42203838
400,0.4093594
500,0.40520042
600,0.40148365
700,0.4026136
800,0.40052956
900,0.40311655
1000,0.40295377
1100,0.402951
1200,0.40441626
1300,0.40443859
1400,0.40372908
1500,0.40756482
1600,0.40264237
1700,0.401863
1800,0.4031762
1900,0.40115812
