step,eval-loss
100,0.011721171
200,2.0059513e-05
