step,eval-loss
100,0.47154552
200,0.4135703
300,0.19798952
400,0.056475054
500,0.026201557
600,0.008880836
700,0.00068452896
