step,eval-loss
100,0.0015845662
200,0.00030548454
