step,eval-loss
100,0.5147049
200,0.4971056
300,0.4886809
400,0.4854887
500,0.48706603
600,0.4850518
700,0.48579064
800,0.48488936
900,0.4848391
1000,0.48453474
1100,0.48448926
1200,0.48473334
1300,0.48458758
1400,0.48966146
1500,0.48439914
1600,0.48486456
1700,0.4850781
1800,0.48524046
1900,0.48450834
2000,0.484414
2100,0.4845397
2200,0.48458567
2300,0.4845105
2400,0.48446456
2500,0.48448524
2600,0.4849124
