step,eval-loss
100,0.49496704
200,0.4749025
300,0.4441799
400,0.43788558
500,0.43908215
600,0.43769276
700,0.43655464
800,0.43906307
900,0.4378098
1000,0.44002712
1100,0.43777466
1200,0.43611637
1300,0.4350839
1400,0.43658593
1500,0.4368913
1600,0.43824732
1700,0.4350136
1800,0.4346813
1900,0.43592605
2000,0.43803072
2100,0.43779638
2200,0.4380597
2300,0.43769118
2400,0.43667608
2500,0.43635827
2600,0.43643403
2700,0.4377682
2800,0.43738577
2900,0.43594542
