step,eval-loss
100,0.0366965
200,5.7254206e-06
